id,last_name,first_name,use_name,password,location
1,Bransby,Elie,ebransby0,WHldGw,Brazil
2,Lacelett,Ofelia,olacelett1,EUtw840hU7,Canada
3,Camies,Christen,ccamies2,plp4gV8,Poland
4,Pollastrone,Stillman,spollastrone3,Z83Dqv,Dominican Republic
5,Dorre,Jervis,jdorre4,10Jldo,Russia
6,Lamkin,Royall,rlamkin5,qGJo1bp03,China
7,Blaw,Lynsey,lblaw6,T7PJyBNB,Djibouti
8,Lennon,Waverly,wlennon7,sHhLM75n,Palestinian Territory
9,Shevlane,Drusie,dshevlane8,dp3yMq,Nigeria
10,Capaldi,Caresse,ccapaldi9,qJDb93TJ4hXx,Philippines
11,Sanderson,Kahaleel,ksandersona,E3kfBNIpBKP,Poland
12,Bendig,Perren,pbendigb,FmswHVz,Madagascar
13,Beddo,Zoe,zbeddoc,Qtyu66IwyeM,Ukraine
14,Murtell,Jack,jmurtelld,YucMbi,Vietnam
15,Capper,Kendal,kcappere,t4uT8EDG0MYe,Cameroon
16,Downes,Hildegarde,hdownesf,8SDXe7tP8,Peru
17,Ondrasek,Hollie,hondrasekg,2JTecxBW,Japan
18,Garford,Denny,dgarfordh,MsNPXB98LQ,Russia
19,Mcettrick,Dallon,dmcettricki,jYRJm0KrF,Indonesia
20,Livard,Fifi,flivardj,ZYXlI9QH,Bangladesh
21,Towner,Carlynne,ctownerk,xjsf7u4Rg,Argentina
22,Pirazzi,Lela,lpirazzil,aftnT2tQFQnd,Russia
23,Lefever,Timmi,tlefeverm,4BGL924Ic,Australia
24,Ravenscroftt,Nikkie,nravenscrofttn,a5PUnuI0OE3f,China
25,Brigg,Spencer,sbriggo,zcwf8nnWs,Malaysia
26,Waters,Gage,gwatersp,Iayi3wtbtQ,China
27,Rigg,Randee,rriggq,OZ5ZTE,Peru
28,Brothwell,Sissy,sbrothwellr,WoUA0Bf,China
29,Carnie,Chelsie,ccarnies,8vWN7d3,Brazil
30,Crankhorn,Devonne,dcrankhornt,4pUBiEUhiq,Tunisia
31,Caustick,Bo,bcausticku,usMf0XUzW,Albania
32,Blint,Davie,dblintv,ZnMvDAl0Rw,China
33,Kidde,Johann,jkiddew,yvQqHOc,Russia
34,Paulley,Audrye,apaulleyx,Y7wCGqm,United Kingdom
35,Brugman,Flossie,fbrugmany,IauZV93,Sri Lanka
36,Rayner,Sibilla,sraynerz,JM4jZ8yB05,China
37,Bickerton,Marrissa,mbickerton10,oruAq8NiIO,China
38,Yockney,Harold,hyockney11,LvuFckfsnnb,Mexico
39,Dietsche,Averill,adietsche12,9QOU8y,China
40,Pelchat,Katlin,kpelchat13,o4F5zaioBi7,Djibouti
41,Viger,Johanna,jviger14,AJhpvFJpPmu,Vietnam
42,Cadalleder,Sky,scadalleder15,uk5miXhhSSm,China
43,Mellodey,Caresa,cmellodey16,pWtKlzw,Vietnam
44,Locke,Shanta,slocke17,jtAk06b4YSPz,Indonesia
45,Robert,Loria,lrobert18,pRG1G5yyFBX,Russia
46,Gilardengo,Dennis,dgilardengo19,X7iNMlvSdqU,China
47,Bilborough,Antin,abilborough1a,FxBb3JIS,Philippines
48,Faint,Roma,rfaint1b,6boaw42p7,Russia
49,Wixon,Candi,cwixon1c,KSoIu01TiS,Brazil
50,Terbeek,Baily,bterbeek1d,yrdyvrxcz4D,China
51,Haggith,Mathian,mhaggith1e,Nykbiz,China
52,Courtois,Kara,kcourtois1f,Fc1QzV48ACw,Czech Republic
53,Lafayette,Terencio,tlafayette1g,Hf0Xlglv,Philippines
54,Grushin,Valentin,vgrushin1h,y0GVOJ,Honduras
55,Whittingham,Mimi,mwhittingham1i,v6tA73rs6w,Philippines
56,Botterell,Nate,nbotterell1j,Duu9XwUr,Sweden
57,Huelin,Malchy,mhuelin1k,5CExUOwuL9r,France
58,Wagerfield,Eveline,ewagerfield1l,IdYbLy4H9,Russia
59,Underwood,Calypso,cunderwood1m,1Siz2r,Vietnam
60,Bus,Rosalinda,rbus1n,qcHmNyMah,Russia
61,Bednall,Jacquelynn,jbednall1o,koP9LxK7r,Cuba
62,Frosdick,Cecil,cfrosdick1p,VClJwJEvC,Lithuania
63,Stoneley,Marvin,mstoneley1q,B8X5Hz00,Norway
64,Barchrameev,Bee,bbarchrameev1r,SeHDYQ0,China
65,Songer,Mufinella,msonger1s,lLHcvW8Z7G1,Russia
66,Grigs,Cristi,cgrigs1t,mE5zKEdXT,Mauritius
67,Hamnett,Dorette,dhamnett1u,iPmFVNA,China
68,Sanderson,Emogene,esanderson1v,eOTJxY6bDgEe,Portugal
69,Whyffen,Lianna,lwhyffen1w,eAvSx3BEFTi4,Poland
70,Frohock,Mellisent,mfrohock1x,uHUo3ekT0o6G,Greece
71,Renard,Ashlen,arenard1y,hOFhpYEydZzn,China
72,Haselden,Herbert,hhaselden1z,inmvYFf,Russia
73,Klimontovich,Merrel,mklimontovich20,eHXHe4UYUE,Thailand
74,Hargreave,Cammy,chargreave21,pWRrMlk9G6,Indonesia
75,Fawdry,Patton,pfawdry22,opIFx15,Philippines
76,Hillock,Doy,dhillock23,eK1SaXQsp,Peru
77,Lovitt,Lodovico,llovitt24,Dw8knZDdg4va,China
78,Punter,Haily,hpunter25,97K2mFhg,United States
79,Wilbore,Nester,nwilbore26,FVEF1ioQfIt,Brazil
80,Cozby,Sloan,scozby27,AAzYZzmJhoDS,Norway
81,D'Angeli,Jerry,jdangeli28,gCyFQohGD6U,Brazil
82,Tench,Carmel,ctench29,qpgKq39i,China
83,Grant,Mareah,mgrant2a,sigqLI1,China
84,Hobben,Donia,dhobben2b,TfJJmC1B7Iv,China
85,Rogers,Phebe,progers2c,DkIJDR5qOvX,Sweden
86,Crockett,Urson,ucrockett2d,O4sMu56,China
87,Hamerton,Merrilee,mhamerton2e,ARVnSqAOVF6z,United Arab Emirates
88,Poundford,Ailey,apoundford2f,lw84dyQOSsk,Colombia
89,Nevett,Jimmie,jnevett2g,Lq49kiNZr,China
90,Beaulieu,Germain,gbeaulieu2h,5GzYFszin,Ukraine
91,Sor,Liuka,lsor2i,HgA9N2Wu,Brazil
92,Attrie,Rem,rattrie2j,zcbGYCgIFr,France
93,Cudbertson,Emery,ecudbertson2k,SPbcRF,China
94,Eaklee,Anabal,aeaklee2l,yBDrvmoo,China
95,Philbrick,Janice,jphilbrick2m,T7tYmcimcI,China
96,Hebborne,Corabel,chebborne2n,Bs6rPhIQzP,Canada
97,Lackmann,Sascha,slackmann2o,M3gDHA,Japan
98,Lapsley,Kippie,klapsley2p,spyzXm,Belarus
99,Calender,Claudina,ccalender2q,rZzhzJ,Indonesia
100,O'Donnelly,Catrina,codonnelly2r,mATngHqRe,Russia
101,Claibourn,Misti,mclaibourn2s,UDthqiuJq,Dominican Republic
102,Buey,Eadith,ebuey2t,X0oasOpKg5,Costa Rica
103,McKimmie,Rollins,rmckimmie2u,F7bMwT,Bulgaria
104,Clitheroe,Rafe,rclitheroe2v,EhmSpf,China
105,Anfrey,Woodrow,wanfrey2w,GotLMq1m9jJL,Canada
106,Blenkinship,Piggy,pblenkinship2x,eVwxtxjxdSd,Finland
107,Abeau,Yancy,yabeau2y,nAQpu2,Pakistan
108,Casone,Atlante,acasone2z,KQR3tjbPnXV,China
109,Farans,Jessalin,jfarans30,sTEjit,Philippines
110,Ruter,Chelsie,cruter31,VpISTDBm5rc,Egypt
111,Colvill,Clevie,ccolvill32,BwRS2hmS,Uzbekistan
112,Longlands,Consalve,clonglands33,znMxwQe,Portugal
113,Molohan,Tiphani,tmolohan34,yQaq59pg,France
114,Evitt,Krystalle,kevitt35,kdd1Oit2JV,Indonesia
115,Matches,Roanna,rmatches36,R85upu4SY,Armenia
116,Piotr,Lotti,lpiotr37,gK8XtH4,Mali
117,Statersfield,Granthem,gstatersfield38,gHdhEA,Germany
118,Fullegar,Berte,bfullegar39,84jDOhrO8N,United Kingdom
119,Mullender,Billie,bmullender3a,XyQRo8wTAu,Portugal
120,Tomczykowski,Daren,dtomczykowski3b,MxN2XBqv355k,Thailand
121,Breagan,Cal,cbreagan3c,SjeF9MRqQx,Ireland
122,Riglesford,Betty,briglesford3d,lNyfrZM7W,Poland
123,Conisbee,Alwyn,aconisbee3e,Mvo3NVFxMYOL,China
124,Pippard,Kassi,kpippard3f,eNCGnHpCQfd,China
125,Locket,Koren,klocket3g,z5iHkwdN7W,Greece
126,Olenichev,Kylila,kolenichev3h,nMYXpEMd,Indonesia
127,Challicombe,Ammamaria,achallicombe3i,XnmwIbu,Philippines
128,Laise,Marcelle,mlaise3j,AgiaYE,Portugal
129,Tenpenny,Rosalinda,rtenpenny3k,xXVSOA0Xg,Russia
130,MacChaell,Tedi,tmacchaell3l,9o16WgIDVGlk,Estonia
131,McCreagh,Rochester,rmccreagh3m,MXfMdxJp,United States
132,Kidwell,Jacobo,jkidwell3n,kqsg21Er2,Malaysia
133,Harback,Ansel,aharback3o,RXnvU5W,Russia
134,Rosell,Jodi,jrosell3p,dmOhgtu,South Africa
135,Melly,Juieta,jmelly3q,YQMiAu,Ivory Coast
136,Shakle,Taber,tshakle3r,Ze36cQgD6,Poland
137,Gorusso,Elisa,egorusso3s,FG9vYJ5Nk9vf,Croatia
138,Eddicott,Yolane,yeddicott3t,4hjVYd,Poland
139,Deegan,Esma,edeegan3u,bxRvcx4o2Ye6,Canada
140,Dobel,Davine,ddobel3v,8hARXLX,China
141,Schiesterl,Latia,lschiesterl3w,lVSB7HX1JKwS,Canada
142,Fincken,Netti,nfincken3x,WlzQgQAWeD,China
143,Lampe,Gwenore,glampe3y,e8v5LARpC5f,Serbia
144,Catton,Adaline,acatton3z,b4jOGe0w9sJ,Ukraine
145,Tippetts,Raynor,rtippetts40,f41Y8HDty,Indonesia
146,Vennart,Reuben,rvennart41,XGQzH8,China
147,Idale,Fidole,fidale42,RxtNi7,Indonesia
148,Okenden,Ardith,aokenden43,CLeHygL,Finland
149,Leasor,Morley,mleasor44,eajGEDZtYP,Philippines
150,Spaice,Luca,lspaice45,sc5gLWXF,China
151,Beesley,Dominique,dbeesley46,CIxkpx,Russia
152,Lynagh,Lenard,llynagh47,skWaGo43i,Indonesia
153,Bucknill,Rosanne,rbucknill48,WcAX1V1r,Portugal
154,Riply,Cornelia,criply49,dQo16y9x8tW,United States
155,Casolla,Hervey,hcasolla4a,TdoQFDB,Colombia
156,Nairne,Eleonora,enairne4b,TtzmZyA13y,Australia
157,Yurlov,Janaya,jyurlov4c,xFZJ4TZJ,Brazil
158,Daniel,Peder,pdaniel4d,2jubPC9,Philippines
159,Spelwood,Dulcine,dspelwood4e,usgilNcs,China
160,Frosch,Rikki,rfrosch4f,fU4BHrUSZ,Palestinian Territory
161,Kitchinham,Georgie,gkitchinham4g,jEXCRX,Russia
162,Atack,Briney,batack4h,qmcNZCsc,Greece
163,Swett,Rockwell,rswett4i,2VU6eY5Qbrzw,Slovenia
164,Stanton,Georgie,gstanton4j,dCqVuWundGf,Reunion
165,Deane,Marti,mdeane4k,1rnWb8F,Philippines
166,Havenhand,Rena,rhavenhand4l,Dd0jEkMs,Slovenia
167,Butchard,Celinda,cbutchard4m,WIUlmVp,Colombia
168,MacArthur,Farr,fmacarthur4n,YGlxnf6gmq,Saint Kitts and Nevis
169,Thrussell,Carry,cthrussell4o,UdRIcbQRg3S8,China
170,Schrir,Michale,mschrir4p,B8RQ6Yv18Zo,Russia
171,Deadman,Garv,gdeadman4q,rJNummcBIhEk,Philippines
172,Pettiford,Cherry,cpettiford4r,ybHnpxr7,Belarus
173,Coleman,Lindi,lcoleman4s,9XQpL1QE,Cameroon
174,Edwicke,Randene,redwicke4t,KPGCCwR,Indonesia
175,Berg,Ad,aberg4u,518sOJSctF,Palestinian Territory
176,Woodrup,Boyce,bwoodrup4v,pnPunW7,New Zealand
177,Morville,Rosalie,rmorville4w,eKf6c4yMzOa,Germany
178,Lowdeane,Karena,klowdeane4x,pWRniKcjJ9bI,Russia
179,Perham,Carlen,cperham4y,RhfTdEgwzV,China
180,Menel,Noam,nmenel4z,prbgz6kg33Ic,Indonesia
181,Erington,Bernadette,berington50,LcV5BhL50O6n,Zimbabwe
182,Tottle,Allen,atottle51,d8cubR,Greece
183,de Merida,Brett,bdemerida52,SGRiAygSl6G,South Africa
184,Greggor,Raye,rgreggor53,cx4bBKJP,China
185,Tringham,Orin,otringham54,8JtgOXbt8Kk,China
186,Terris,Hayes,hterris55,l5zVGOd0Lcj,Peru
187,Junkison,Bob,bjunkison56,Amk3gIQ4x,China
188,Eley,Redd,reley57,czrWnlZ,China
189,Kinvan,Carce,ckinvan58,jdhy65kHh5,China
190,Rollitt,Terrel,trollitt59,dpYxqOwosc9,Brazil
191,Wingate,Tomasina,twingate5a,jbpo6C,Jordan
192,Sandford,Hillery,hsandford5b,zZ4b8PihKgx,Ecuador
193,Winship,Nickie,nwinship5c,tIW8KGTAFFz,Indonesia
194,Rowantree,Lenette,lrowantree5d,owbeiFHJryZc,Iraq
195,Tomaszewski,Dionne,dtomaszewski5e,Bi9jEGGq1G,Jordan
196,Isakson,Kelsey,kisakson5f,naXE9Vy6XK,Indonesia
197,Spoor,Hagan,hspoor5g,vbG28ITZE,China
198,Saull,Jeniece,jsaull5h,lULPcSrtC,Panama
199,Maasze,Engracia,emaasze5i,EprF7vQ3F,Indonesia
200,Stobbes,Vittorio,vstobbes5j,kNesBso7bPk,China
201,Telega,Vincent,vtelega5k,6ZNOqAICRCF,South Africa
202,Ragsdall,Layla,lragsdall5l,AiX3r4vqSGMH,China
203,Jacomb,Tammara,tjacomb5m,cDPaGzID,Faroe Islands
204,Rockcliff,Selene,srockcliff5n,FHkeR5kg,Russia
205,Lardge,Lisetta,llardge5o,YKtfw8uEo,Russia
206,Dodsworth,Bibbie,bdodsworth5p,EvX9rAFN,China
207,Huygens,Ilysa,ihuygens5q,GDk9fYHtJm,Brazil
208,Bamford,Giustino,gbamford5r,5DZIkKp3ZIa,Egypt
209,Laphorn,Tyrone,tlaphorn5s,Xs5GksTC8vNt,China
210,Crabtree,Belicia,bcrabtree5t,nOGZoBIj4,South Africa
211,Povall,Paulie,ppovall5u,B6OgpYPo4,Sweden
212,Court,Courtney,ccourt5v,0pl90gO4lJ,Thailand
213,Cunrado,Audrye,acunrado5w,AyNXqjDKn8,Japan
214,Fairnie,Linnell,lfairnie5x,UCYNo9Hb,Brazil
215,Heindle,Beth,bheindle5y,n9n1rQ,China
216,Binden,Edvard,ebinden5z,1maKHxDUyziA,Poland
217,Herculeson,Robbert,rherculeson60,mvjgbLwZZ,Brazil
218,Simmell,Moises,msimmell61,iKdClqCs,Argentina
219,Yarmouth,Steffen,syarmouth62,pbH8hY,Portugal
220,Stranahan,Meredithe,mstranahan63,TBZzfSratiE2,Greece
221,Ping,Louisa,lping64,zRAdMx5Or,Russia
222,Showers,Ralph,rshowers65,z42Bda1,United States
223,Iwanowski,Grant,giwanowski66,bBMVImMI,China
224,Farlane,Ardelle,afarlane67,MeGZgmqrY6sw,Indonesia
225,Winterson,Mella,mwinterson68,ztheY5Cq,Czech Republic
226,Corwood,Waverley,wcorwood69,FK7I2BpafP,China
227,Prest,Tracey,tprest6a,ZvxwPT3LgJxh,Madagascar
228,Breming,Nathalia,nbreming6b,FWaKYz89OZ,China
229,Torpie,Enrika,etorpie6c,Danguo3,Brazil
230,Nuss,Tito,tnuss6d,wCSC1SV,Latvia
231,Pietrowicz,Brandyn,bpietrowicz6e,cs3uaDmteJtj,China
232,Boutellier,Aldrich,aboutellier6f,nvZFz16ZuOdq,Indonesia
233,Larchier,Analise,alarchier6g,cFQ8hcgn,China
234,Winslett,Catlaina,cwinslett6h,hzpe793V,Greece
235,Melliard,Carlota,cmelliard6i,YVoYk34m6,Russia
236,Dixcey,Consuela,cdixcey6j,I9EIBKrRj9,Indonesia
237,Mardall,Phillip,pmardall6k,DPRQhQ,China
238,Dowey,Agnese,adowey6l,MrDYBj,Russia
239,Strover,Cobby,cstrover6m,wLx2Aq0g3c,Indonesia
240,Dallimare,Pascale,pdallimare6n,jETa1k,Indonesia
241,Cattellion,Beverley,bcattellion6o,IUm0rKU,Pakistan
242,Atter,Duffy,datter6p,LKqYdXqd,China
243,McCrone,Randi,rmccrone6q,XIlzUmsX,China
244,Priver,Lorita,lpriver6r,4eYo8KeH,Brazil
245,Spohrmann,Nettle,nspohrmann6s,gPmhX3,China
246,Jeff,Antony,ajeff6t,EO21BVgH79b,Guatemala
247,Garter,Charla,cgarter6u,LuZuqKD,Norway
248,Coping,Marjie,mcoping6v,TkVZZs,Indonesia
249,Antonin,Adeline,aantonin6w,6zOssfs,Czech Republic
250,D'Enrico,Sheilakathryn,sdenrico6x,DdFOcKHw,China
251,Craydon,Candis,ccraydon6y,el7DCREVQbem,Antigua and Barbuda
252,Charkham,Rosie,rcharkham6z,YxTIJfC,Mauritius
253,Isaq,Thayne,tisaq70,F86u0c,Philippines
254,Sandle,Elianore,esandle71,PvAJH1Z,Kosovo
255,Berntsson,Theresa,tberntsson72,LyqucaXfw9,Indonesia
256,MacNeely,Guy,gmacneely73,OEq7EV3ywLBF,China
257,Norway,Eb,enorway74,zDaocEq,China
258,Turfrey,Emelyne,eturfrey75,Kji3DP,Indonesia
259,Kluge,Karoly,kkluge76,8g7k0BzKsz2,Indonesia
260,Dorin,Pietra,pdorin77,y0B02dk7,China
261,Stronach,Hewet,hstronach78,q0lXSHtPWsE,Poland
262,Goudie,Dione,dgoudie79,XiFoekD1lM,China
263,Atwel,Melisa,matwel7a,QqlQAXjFTcoy,Yemen
264,Casier,Harris,hcasier7b,ssJCSFAYPW,Philippines
265,Kinman,Darrin,dkinman7c,63RovspBD6,Albania
266,Zeale,Ikey,izeale7d,rfKQKGCGU,China
267,Molfino,Adelbert,amolfino7e,3OHwoD27dp,Peru
268,Jachimak,Joachim,jjachimak7f,uCfQ129,Ukraine
269,Phlippi,Gwyn,gphlippi7g,CLJkzqEj,Nicaragua
270,MacRirie,Geoff,gmacririe7h,KLYzJuMQbFh,Russia
271,Dreelan,Julia,jdreelan7i,PkukWsiDiGmv,Ukraine
272,Brandom,Aeriel,abrandom7j,YKEeZX8,Brazil
273,Greenough,Bertie,bgreenough7k,BcjlQ4,Brazil
274,Tolomei,Jude,jtolomei7l,HaxRIF36c,Guatemala
275,Clew,Haslett,hclew7m,R1gTML,Indonesia
276,Barker,Joyce,jbarker7n,8wJogR18eCpY,Uruguay
277,Lillow,Melonie,mlillow7o,mc7uwSr3TNi1,Egypt
278,Kimber,Saraann,skimber7p,EujlU5UmAatD,Indonesia
279,Minchi,Florencia,fminchi7q,FeyqrPAWho,Kosovo
280,Sarath,Bess,bsarath7r,Geh6PwgdWAGc,Zimbabwe
281,Tamburi,Janel,jtamburi7s,jsfsFlaZdG,Chad
282,Howitt,Aloin,ahowitt7t,XpmCYGUXRkw9,China
283,Trood,Garek,gtrood7u,RjSRFB,Philippines
284,Child,Karylin,kchild7v,rP3tQlg,United States
285,Milham,Patience,pmilham7w,2loGjUBgZb,South Africa
286,Dawbury,Sindee,sdawbury7x,CVwItlovCEi4,Brazil
287,Acklands,Renell,racklands7y,BVkNPPppzVqq,Ukraine
288,Butcher,Alberto,abutcher7z,Pl0cIzCmaOiE,Mexico
289,Debenham,Franky,fdebenham80,291ghbIKow,China
290,McRavey,Ava,amcravey81,OC90EJD,Dominican Republic
291,Venneur,Kiri,kvenneur82,tA6vLr,France
292,Aubrun,Beilul,baubrun83,tCOD2Wb,Philippines
293,Bilborough,Jaynell,jbilborough84,prEiF3KG,China
294,Lenden,Myron,mlenden85,aa8rT7u,Armenia
295,Willeson,Jan,jwilleson86,box7eyw,Netherlands
296,Squibe,Waiter,wsquibe87,ONKQiD,Papua New Guinea
297,Dunklee,Patric,pdunklee88,DTfhDgKdPM9,South Africa
298,Coots,Fawne,fcoots89,FZaeV3Tw2kOd,Czech Republic
299,Cavnor,Gabriel,gcavnor8a,CQjZYTAlunQM,China
300,Mabley,Ameline,amabley8b,XSmD2748OdH,Czech Republic
301,Stonhouse,Caron,cstonhouse8c,YLq0YsMVinnE,Israel
302,Keri,Atlante,akeri8d,JDqBFmA,Canada
303,Howkins,Lanni,lhowkins8e,xSYlwFVv7Y,El Salvador
304,Greydon,Misha,mgreydon8f,12u7LK,China
305,Ormshaw,Glori,gormshaw8g,efT5RSka9,Peru
306,Andriessen,Susann,sandriessen8h,anK1NfkNB,Tanzania
307,Bartholat,Courtnay,cbartholat8i,fsUIOlpvRqA,Armenia
308,Pagnin,Gussie,gpagnin8j,oExzl7pe8q,Kazakhstan
309,Soper,Anselma,asoper8k,2If4IUo6TCbR,Libya
310,Favel,Maury,mfavel8l,znpjnoXykMK8,Canada
311,Bottini,Belle,bbottini8m,mFkg3UppyjH,Indonesia
312,Tankus,Derrek,dtankus8n,Q3shpE4Dn,Sweden
313,Szymanzyk,Titus,tszymanzyk8o,F3B8z1FmShot,France
314,Cleevely,Robinette,rcleevely8p,UM1snRrH9oY,France
315,Rippin,Darb,drippin8q,sDZMPzf1yY,Comoros
316,Eastbrook,Florri,feastbrook8r,77CzoFx,China
317,Belfitt,Olimpia,obelfitt8s,DebIW19SBL,Poland
318,Chesson,Rand,rchesson8t,Jv6pSUcl8yk,Colombia
319,Rickardsson,Jameson,jrickardsson8u,cT1g7Ss,Slovenia
320,Blaylock,Kristofer,kblaylock8v,C3kH4a,Ukraine
321,Prose,Lefty,lprose8w,Bu9hLNemR8k6,South Korea
322,Campion,Abrahan,acampion8x,iIchxH3Uxxr5,Colombia
323,Thundercliffe,Sonia,sthundercliffe8y,JAmLezqxl,France
324,Kob,Adrea,akob8z,SgDZEsY,Greece
325,Dimblebee,Vidovic,vdimblebee90,4TI5pBMPGtrH,Poland
326,Leeves,Georas,gleeves91,GtqOK9,China
327,Tackley,Guthrie,gtackley92,LRjpUP8CT,Indonesia
328,Sorsby,Betti,bsorsby93,meKHJQaHyfZ,Japan
329,Menichino,Alister,amenichino94,sz1Fimlc,France
330,Orto,Ewan,eorto95,bS2u5IUHf7,Ukraine
331,MacHostie,Marys,mmachostie96,yClQar,Brazil
332,Corkitt,Hewett,hcorkitt97,vT1Tw1,Indonesia
333,Durning,Barry,bdurning98,LHt4o2hfhN,Czech Republic
334,Buckthorpe,Jenica,jbuckthorpe99,zEFSuPufOV,Egypt
335,Larking,Anselma,alarking9a,GYNEmV,Egypt
336,Batteson,Mitchael,mbatteson9b,5ZhwsV5iQ,China
337,Cranston,Sancho,scranston9c,VrDK02NbW0,Brazil
338,Munt,L;urette,lmunt9d,ZxGZPMH1IjV,China
339,Kaufman,Janessa,jkaufman9e,DW5LUv5b,China
340,Pirnie,Thornton,tpirnie9f,j0y8Lwc,Japan
341,Luciani,Nelli,nluciani9g,SrCW6CPNjAIx,China
342,McClaurie,Marijo,mmcclaurie9h,tJO2c8F,Peru
343,Parell,Cheryl,cparell9i,HEQ8dz,Namibia
344,Flarity,Leanor,lflarity9j,XaYOiN80r4z,Ukraine
345,Skingley,Marina,mskingley9k,G1C8W4CDwdK,Philippines
346,Roman,Olive,oroman9l,mPGftXRzSv,China
347,Bryer,Hilliary,hbryer9m,V9Pu6jwXxz,Greece
348,Souness,Dorey,dsouness9n,ITvbslFQF1,Madagascar
349,Meese,Micky,mmeese9o,mDspYT,China
350,Brisson,Aldis,abrisson9p,xQGFC0i1O,China
351,Yarrow,Kenyon,kyarrow9q,gwx4J2Oj,China
352,Souley,Yvor,ysouley9r,EDuXIi,Kenya
353,Siene,Crystal,csiene9s,xtlgPvIYR39B,Poland
354,Rapin,Harwell,hrapin9t,W7IpBScQkN,China
355,Torrans,Korie,ktorrans9u,U3VHU0nzP,Macedonia
356,Janeway,Tiffy,tjaneway9v,RFv4469Z,Portugal
357,Rustidge,Wald,wrustidge9w,M3tmfMf3zwFH,Canada
358,Lob,Dulciana,dlob9x,Ls2Qyu,Argentina
359,Rotherforth,Colleen,crotherforth9y,cvrYML7hULKH,Indonesia
360,Pheasant,Bogart,bpheasant9z,uJwq3CttvGQ,Germany
361,Sondland,Dyanna,dsondlanda0,LWzs3J72Uv,Russia
362,Gittoes,Rowney,rgittoesa1,v7Xmj20,Ukraine
363,Rohfsen,Teodoor,trohfsena2,x2TxULh8s,Maldives
364,Purbrick,Janis,jpurbricka3,F54ju1Fa3,Indonesia
365,Prose,Andrej,aprosea4,iYlEKUdBxPV,Philippines
366,Prebble,Starla,sprebblea5,xMMLz0Bob,Ireland
367,Scotchforth,Celle,cscotchfortha6,QdK8kWP1bXl1,China
368,Gooddie,Constantine,cgooddiea7,kycrCHALsA,Russia
369,Aslie,Clemente,casliea8,qMRdbVOLc,Indonesia
370,Gumery,Clevey,cgumerya9,Mk0kZ2,China
371,Vost,Giselbert,gvostaa,NcCODasgycr,Indonesia
372,Gregorowicz,Clim,cgregorowiczab,VNZIn3,Indonesia
373,Tracy,Susanetta,stracyac,BT6tujzhA,Russia
374,MacAlester,Ferris,fmacalesterad,DFrbsrA,South Africa
375,Banbrigge,Charmaine,cbanbriggeae,zE2CH46rb4f,Brazil
376,Minero,Ashlin,amineroaf,eOrP0EbImt2,Sweden
377,Acarson,Andrey,aacarsonag,yISpFwaIAO1,Germany
378,Filippone,Devin,dfilipponeah,gc2iEun,Philippines
379,Bignell,Burty,bbignellai,y6Uqvuo,France
380,Klimochkin,Isacco,iklimochkinaj,knQxVAAt0c5,South Korea
381,Tiesman,Rudolph,rtiesmanak,EC676zMDy,United States
382,Lundbeck,Ashil,alundbeckal,M0xDA6c5sg,China
383,Cool,Marianna,mcoolam,4IbuNAZgMtM2,Nigeria
384,Neenan,Maurise,mneenanan,i23pOf,Ukraine
385,Gauntlett,Andria,agauntlettao,GSmWRi10RM,France
386,Yetton,Stacia,syettonap,foEhpy3fCEK,Ukraine
387,Knowlson,Monique,mknowlsonaq,z3Wr3m,Indonesia
388,Doche,Leeanne,ldochear,P3UZzlC5,Portugal
389,Heffron,Ravi,rheffronas,CLjoJc6J,Botswana
390,Renad,Charity,crenadat,QXVd9nmsv,China
391,Tabert,Martynne,mtabertau,tO3DXRv,Honduras
392,Godsafe,Bethany,bgodsafeav,8uiQZ939G8P,Malawi
393,Ryce,Tiler,tryceaw,UYDmu4TI3MSf,Portugal
394,Steven,Camala,cstevenax,YY7oLJbR0pK,Brazil
395,Vasic,Nola,nvasicay,AKr0b1oxwxhM,France
396,Merryman,Trina,tmerrymanaz,SyAeZ1vmA,China
397,Gonthard,Teodoor,tgonthardb0,ecbRAz3Oihj3,Brazil
398,Kreber,Shea,skreberb1,Ui8TnoqsMzp,China
399,Coggins,Kingsly,kcogginsb2,38ubMRT82oZ,Russia
400,Iggalden,Clo,ciggaldenb3,vBUAI8hDW,Japan
401,Simonyi,Gillie,gsimonyib4,3SqxH15B,France
402,Dimitresco,Wilden,wdimitrescob5,eASkm4Gk,Ireland
403,MacPeake,Haley,hmacpeakeb6,zL1BK6ZAIt,Poland
404,Mitchall,Dodi,dmitchallb7,wKUl0h,China
405,Heyns,Benedicta,bheynsb8,Mjr1BTG7g,Estonia
406,Airlie,Erika,eairlieb9,GIexToPKa,Brazil
407,Halsey,Holden,hhalseyba,raKTOHU4i,United States
408,Oleksinski,Brandie,boleksinskibb,9RjA4hjyRU9,Indonesia
409,Gaspard,Gray,ggaspardbc,mndNHmzI,Canada
410,Gary,Laney,lgarybd,yPuFN7Uoos,China
411,Cosgrive,Elyn,ecosgrivebe,26PoWwD,Indonesia
412,Porcas,Derry,dporcasbf,u1PzkOt9wSO,Indonesia
413,Aishford,Haven,haishfordbg,IkGNR3foP,Sweden
414,Grigorini,Jodie,jgrigorinibh,cwbqQOksa,Georgia
415,Colman,Celka,ccolmanbi,Vq8YvAzV,Portugal
416,Heliar,Lucretia,lheliarbj,jdFzSh7l0Y2,Canada
417,Guppie,Vinny,vguppiebk,CUZ2zNMZP,China
418,Mowne,Kaleb,kmownebl,paz0UJ,France
419,Bourke,Damiano,dbourkebm,TIsRO6e,United States
420,Mongin,Odilia,omonginbn,09qA9j,Democratic Republic of the Congo
421,Tellesson,Margarete,mtellessonbo,dR31k8,Bosnia and Herzegovina
422,Fullylove,Broddie,bfullylovebp,C01aCT5CCYb,Indonesia
423,Le Gallo,Maegan,mlegallobq,Lg8flb5MUS,Kazakhstan
424,Furlonge,Shawn,sfurlongebr,xJeox6uf,Indonesia
425,Kent,Denice,dkentbs,x9Vr7kM,Sierra Leone
426,Fidele,Danika,dfidelebt,u12BYtU,Russia
427,O'Brien,Marlon,mobrienbu,RhXVyFSYRgx,Tunisia
428,Spino,Brandyn,bspinobv,v5p6RcRLd4K,China
429,Glazer,Gale,gglazerbw,xmSDMwGbzv,Philippines
430,Kerford,Heddie,hkerfordbx,uVqJumbfS5PA,Democratic Republic of the Congo
431,Wayman,Cristin,cwaymanby,GJNkBUZ7,China
432,Whitely,Brien,bwhitelybz,m1xipvJf7DWK,Vietnam
433,Wortt,Leshia,lworttc0,sMHncIVo5HpC,Honduras
434,Tripp,Willey,wtrippc1,sRdJlbnDvWER,Indonesia
435,Greim,Gayler,ggreimc2,QmRG0zJ2hd,Pakistan
436,Ropcke,Hope,hropckec3,9WZOitP7i,China
437,Vasyagin,Brett,bvasyaginc4,cmQukPhYK,Russia
438,Dunston,Jillian,jdunstonc5,obMWFMVfN9P9,El Salvador
439,Olivas,Trefor,tolivasc6,dHGnNaU,Canada
440,Crunden,Carlynn,ccrundenc7,kUOWIzFC,China
441,Aspel,Avictor,aaspelc8,adNer4TiRma9,Nigeria
442,Riseborough,Sibelle,sriseboroughc9,lwmsveXshKU,Indonesia
443,Peasgood,Jabez,jpeasgoodca,HL8KX36P,Honduras
444,Bruckmann,Charlot,cbruckmanncb,QrHaf4GLIYP,Japan
445,Tattam,Sanderson,stattamcc,A5GzF52uzQ,China
446,De Bruyne,Kelli,kdebruynecd,Yg4jWoRog,China
447,Momford,Tamra,tmomfordce,Vt88lfca8,Russia
448,Handmore,Darline,dhandmorecf,eDox94K0,Thailand
449,Tully,Marleen,mtullycg,xinG9F0,Philippines
450,Coates,Ramonda,rcoatesch,wBaQz6GvEyX,Portugal
451,MacSweeney,Diahann,dmacsweeneyci,a1slmdhlaD,Chile
452,Whitman,Guendolen,gwhitmancj,X7DTgnth,China
453,Glyssanne,Emmalynn,eglyssanneck,PCUZcpHyFd,France
454,Craik,Gavan,gcraikcl,IPGgTnJ2,Indonesia
455,Alcorn,Booth,balcorncm,xpqRSupR0ZW,Philippines
456,Curbishley,Martynne,mcurbishleycn,X2HAkfZdqmy,Canada
457,Hoble,Marylin,mhobleco,Uj4HuDeYH,France
458,Tonepohl,Modesta,mtonepohlcp,OKe7oiMGTB,China
459,Sandwick,King,ksandwickcq,CAzZr8q2b,Indonesia
460,Bowering,Helene,hboweringcr,o66Suncpu,Iraq
461,Durrett,Amalea,adurrettcs,OZGFvPX1SLS1,Thailand
462,Godin,Goober,ggodinct,HNZnogoV1WP,China
463,Scourge,Tamma,tscourgecu,G6YkBH,Sweden
464,Blowers,Margaret,mblowerscv,DVmuVTieSi,Japan
465,Hazlewood,Nanette,nhazlewoodcw,lCoCCo9gw,Indonesia
466,Jurgenson,Gideon,gjurgensoncx,mZjujJ6hAIT,China
467,Weatherburn,Kaleb,kweatherburncy,hG0BkddI,Canada
468,Lean,Madalyn,mleancz,P1DVMZ2r,New Zealand
469,Brogi,Nikolos,nbrogid0,FXf2jzcMfy,China
470,Riddel,Kerrie,kriddeld1,HFIC2C,Indonesia
471,Kumaar,Kathlin,kkumaard2,0zioFvxo,China
472,Tremmel,Nico,ntremmeld3,GnzbZi6lB0,Russia
473,Pignon,Arleen,apignond4,LMTsUjomD30L,Indonesia
474,Whiteway,Calv,cwhitewayd5,mBBAQgz19Vzg,Philippines
475,Smallpeace,Genvieve,gsmallpeaced6,7JtydVo8,China
476,Drakers,Lyda,ldrakersd7,2kLQn8EtqHs,Albania
477,Fortescue,Selle,sfortescued8,3hDk0L,Guatemala
478,Shearston,Cinda,cshearstond9,xWqj7EF2Kei0,Argentina
479,Veldstra,Tadeo,tveldstrada,sO42Gb,Argentina
480,Tassel,Bondie,btasseldb,AivNwLW4D,Thailand
481,Janczyk,Cherianne,cjanczykdc,prx9gSNnGgEd,Poland
482,Hosier,Hastie,hhosierdd,eSluNul2W,Jordan
483,Wallman,Karlee,kwallmande,AJWaYyKwvhE,China
484,Mosdall,Hillyer,hmosdalldf,ah7zo7k,Honduras
485,Zanini,Kathryn,kzaninidg,y1Tckoah,Thailand
486,Ritchard,Hillyer,hritcharddh,Dljl6JzgTr2L,Indonesia
487,Copson,Agnella,acopsondi,PxHWJo,Philippines
488,Zealey,Frederic,fzealeydj,m5KknmA8,Mali
489,FitzAlan,Berty,bfitzalandk,qvPiem3YhRag,United States
490,Pacheco,Rockey,rpachecodl,D2WfhecSemex,Ukraine
491,Darthe,Manon,mdarthedm,mXaSPJ7E1,Mongolia
492,Andrejs,Arvin,aandrejsdn,T3YGtJEAyj4w,Portugal
493,Kunzelmann,Louella,lkunzelmanndo,Rt9CrnC,Thailand
494,Barthelemy,Odelia,obarthelemydp,O3dtPF,United States
495,Simmons,Sarette,ssimmonsdq,O3Y2xLvkg,Indonesia
496,Paylie,Lana,lpayliedr,yWCdlGXkiCAr,Pakistan
497,Yesinin,Hedvig,hyesininds,MUa5KqIWEMDw,United States
498,Voaden,Garek,gvoadendt,C9AzAwg5ANtQ,Portugal
499,Rudland,Neel,nrudlanddu,wYtTOP,Indonesia
500,Antusch,Phillis,pantuschdv,IZ5m3oGjNa,China
501,Pena,Angeli,apenadw,E5sFJbg8,China
502,Devany,Malia,mdevanydx,CEPavMgHe,Colombia
503,Thornewell,Raymond,rthornewelldy,28EAgCoCLTP,China
504,Wycliff,Skippy,swycliffdz,AJajevtFVkFw,Philippines
505,Anfonsi,Tani,tanfonsie0,Y6fYw05tMs,Indonesia
506,MacGibbon,Hermine,hmacgibbone1,LnG071FQELR2,United States
507,Canty,Arni,acantye2,lX7pqksj2Kq,Thailand
508,Ravelus,Nissa,nraveluse3,SoBWCOThW28w,China
509,Mallison,Gloriana,gmallisone4,Lxdmp7yt,China
510,Holhouse,Becka,bholhousee5,hJNXj7,Serbia
511,Dancer,Cathleen,cdancere6,dKRnFT,China
512,Longbottom,Whit,wlongbottome7,0zMySSeNzsw,Philippines
513,Glanester,Poppy,pglanestere8,XO0Et7xYMZ0,Ghana
514,Hasluck,Aldous,ahaslucke9,Ns6yXXU,Indonesia
515,Pennick,Oliy,opennickea,zbEuLszWtjU,Egypt
516,Merriment,Miran,mmerrimenteb,C7jpUfv,Sweden
517,Trewhitt,Verena,vtrewhittec,xchUNf3,China
518,Prinett,Loy,lprinetted,tW3PQJYPyYsH,Indonesia
519,Panketh,Heywood,hpankethee,TD4ursjcNjGg,Armenia
520,Nilles,Jarrid,jnillesef,wTC7ti8bW,France
521,Suston,Padraic,psustoneg,4fpCu4qyCEZ,France
522,Lotze,Isak,ilotzeeh,TSSnpClJ54,Honduras
523,Astbery,Kriste,kastberyei,DUzbjJsKYQtp,Indonesia
524,Newark,Beryle,bnewarkej,tQEKU0Vb,Serbia
525,Putley,Kingsly,kputleyek,tF8m0lK2Sy,Germany
526,Ficken,Lynsey,lfickenel,NWIPIq,United States
527,Uzzell,Dewey,duzzellem,7YufmVkv3dRg,Indonesia
528,Worrall,Brigida,bworrallen,J6BIdZ0,China
529,Di Frisco,Bathsheba,bdifriscoeo,gK41QPx9,Mexico
530,Castagnaro,Hilde,hcastagnaroep,djX0p2V,Colombia
531,Copper,Elfreda,ecoppereq,Jf2JJXly,Indonesia
532,Revill,Kimbell,kreviller,ShMY5owwG7X,Indonesia
533,Tiernan,Cordie,ctiernanes,5RjpW1dx9,China
534,Tandy,Stirling,standyet,aGXVsc,China
535,Myford,Lorrie,lmyfordeu,4mksATG,United Arab Emirates
536,McIlveen,Eden,emcilveenev,lNy0UH,Brazil
537,McMichell,Christal,cmcmichellew,ngckSW,United States
538,Sircomb,Berri,bsircombex,vQfgBJ,Japan
539,Becerra,Wendi,wbecerraey,9oCOqIvBMl,Thailand
540,Mayer,Carree,cmayerez,dirNM7GE,Norway
541,Jeschner,Edik,ejeschnerf0,eWhwRi29Xj,Indonesia
542,Cullnean,Gussy,gcullneanf1,83KF1bxyK,France
543,Leftly,Denise,dleftlyf2,dNFIoETBAtLg,Thailand
544,Ashfield,Darby,dashfieldf3,fAmYEg5G0aix,Japan
545,Pauletto,Madonna,mpaulettof4,yFg6wcTuuPE4,China
546,Roote,Harcourt,hrootef5,EclsR4K5gqN,Ukraine
547,Quan,Arlette,aquanf6,Poq1vwtRBBX,Russia
548,Dovydenas,Jenny,jdovydenasf7,9rEzyK,Greece
549,Drew-Clifton,Camala,cdrewcliftonf8,CgmPruGQVdEb,Sweden
550,Diloway,Fianna,fdilowayf9,5nsdPE9SIOma,Poland
551,Riddick,Bryce,briddickfa,1aTQLV,Indonesia
552,Kentwell,Morey,mkentwellfb,GDweVAIKCg,United States
553,Oosthout de Vree,Deva,doosthoutdevreefc,cO5Mlz,Philippines
554,Hews,Carmina,chewsfd,0v0tHE,Russia
555,Frary,Dari,dfraryfe,Un3q5e7uUh4,China
556,Eilert,King,keilertff,Hcg9sHm,Philippines
557,Bailie,Jeanine,jbailiefg,ABYAZw360yCX,Czech Republic
558,Harriskine,Murdoch,mharriskinefh,0L12vPks2W,Yemen
559,Stener,Angelica,astenerfi,F2IFBRkV,China
560,Cossom,Dasya,dcossomfj,1KxsyCn,Philippines
561,Cattroll,Christye,ccattrollfk,eMdaKsOUh,United States
562,Peaden,Giusto,gpeadenfl,AccPyiiWrl2,Czech Republic
563,Darco,Shaughn,sdarcofm,ISanav,Ukraine
564,Malyj,Emanuele,emalyjfn,yvF051mzwYNy,Russia
565,Dranfield,Danyette,ddranfieldfo,E0lkuY4yFLT,France
566,De Haven,Christoforo,cdehavenfp,WRCkVzKq3lI,Georgia
567,Codeman,Cathee,ccodemanfq,n45NA66,France
568,Philipps,Frank,fphilippsfr,u3su5HrB6,Indonesia
569,Cawthorn,Cecile,ccawthornfs,F6cuNIfDgt,Libya
570,Albury,Michaeline,malburyft,DuFmpvJC180,Poland
571,Jirka,Zane,zjirkafu,bi9X906sc,Sweden
572,Conman,Derron,dconmanfv,zMf0Qf,Austria
573,Wild,Elyn,ewildfw,VfNVMKu,China
574,Kirkebye,Anabal,akirkebyefx,sqpinBuS,China
575,Harmson,Ancell,aharmsonfy,K84OdkqUmGq7,Russia
576,Giberd,Moria,mgiberdfz,zJtONI,Croatia
577,Pietranek,Beau,bpietranekg0,E117bx,China
578,Keningham,Norby,nkeninghamg1,otkcm5bZbk,Somalia
579,Ivan,Miguela,mivang2,LJqVZwvnD,France
580,Mooring,Cyndia,cmooringg3,IPOqknB,Peru
581,Toope,Bord,btoopeg4,00TAwE,Indonesia
582,Shortcliffe,Shepperd,sshortcliffeg5,XuhiAahC7SL,Saudi Arabia
583,Whitaker,Elaina,ewhitakerg6,1PpFzIj,Russia
584,Botger,Giorgio,gbotgerg7,75Skte,China
585,Delacroux,Chaddie,cdelacrouxg8,857NieQ,Colombia
586,Shout,Wilbur,wshoutg9,0VthICUI,Poland
587,Di Frisco,Risa,rdifriscoga,LMNQ4F6L,Russia
588,Addenbrooke,Tamarra,taddenbrookegb,GvPiMSFpH2,Indonesia
589,Loch,Margareta,mlochgc,1UUtdOXm,Czech Republic
590,Draycott,Dillie,ddraycottgd,L6RLrn2HQK,Azerbaijan
591,Pioli,Perl,ppiolige,0Gw8V72g,Poland
592,Culleford,Tamma,tcullefordgf,HBC2GTA,Thailand
593,Keightley,Clim,ckeightleygg,gDb3xztvFP5z,Poland
594,Beasleigh,Wiatt,wbeasleighgh,LiZlx7ZEU2YA,Mongolia
595,Steers,Philipa,psteersgi,QsEgUzWACKs,China
596,Scanlan,Noelyn,nscanlangj,g9UwESMlIE,Indonesia
597,Foot,Susanna,sfootgk,cZCN8Gtr3V,Yemen
598,Braemer,Nikolos,nbraemergl,Esvpq3KwnnA,Philippines
599,Battill,Catrina,cbattillgm,dbmnj7k,Mexico
600,Demongeot,Teddie,tdemongeotgn,ouPLHkpcJguV,Russia
601,Handford,Gaylor,ghandfordgo,x5wwQP,Greece
602,Freschini,Darcy,dfreschinigp,FHdqMs0g,Afghanistan
603,Bubb,Alonso,abubbgq,C5snuflS,Philippines
604,Falvey,Jennie,jfalveygr,wRRVdX4AuA,Yemen
605,Dunbabin,Fawnia,fdunbabings,z0IfYF,Chad
606,Heinreich,Danna,dheinreichgt,h9BToc,Netherlands
607,Woodland,Ardys,awoodlandgu,0hLl1iF,Indonesia
608,Rilston,Henrie,hrilstongv,loatKgH5,Indonesia
609,Bruhnsen,Constantino,cbruhnsengw,DrKAm977Bf,Sweden
610,Genner,Carny,cgennergx,E4wHSxIN,China
611,Fibbens,Hector,hfibbensgy,UghjhC,China
612,Trewhitt,Chantal,ctrewhittgz,SRHP7LOcc7,Palau
613,Hutfield,Roseanne,rhutfieldh0,5gRNplc,Hungary
614,Cowton,Tarah,tcowtonh1,Hj7sQj6YQ,Argentina
615,Chapellow,Jodie,jchapellowh2,xjGfJD5FF,China
616,Morecomb,Easter,emorecombh3,OjCqWTV,Sweden
617,Sparry,Charis,csparryh4,zPpsUX,Finland
618,O'Loughnan,Ariel,aoloughnanh5,GQGOIty,Russia
619,Redmell,Thorny,tredmellh6,ls0mw9r,Vietnam
620,Hagergham,Stevena,shagerghamh7,gMjouIF9ZfWq,Greece
621,Markwelley,Cedric,cmarkwelleyh8,KHZ36N,Czech Republic
622,Budcock,Lorna,lbudcockh9,eZlohaM,Philippines
623,Kinnear,Leone,lkinnearha,Paeu5Z6kuLDh,Japan
624,Stucke,Arlinda,astuckehb,l76KZD8t2o1W,Czech Republic
625,Brotherick,Homere,hbrotherickhc,gW32JDvIta3,China
626,Parvin,Rockey,rparvinhd,wSY3J3fwF9SY,China
627,Eccles,Lillis,leccleshe,HqPHUQGJHUG,Ukraine
628,Dufaire,Sven,sdufairehf,681x60pvq4,Dominican Republic
629,Stiling,Richardo,rstilinghg,SnSKryemgbUf,Costa Rica
630,Krolman,Aguste,akrolmanhh,GplzOx7,Thailand
631,Younghusband,Pavlov,pyounghusbandhi,MszUEIj,Ireland
632,O'Currigan,Trev,tocurriganhj,0Mc1bA,France
633,Rowland,Aleen,arowlandhk,lht2RMm,Indonesia
634,Raeside,Gannon,graesidehl,b2sgHH7D0,Nigeria
635,Choupin,Tim,tchoupinhm,nbG9c2UHbb,Peru
636,Schubart,Lexie,lschubarthn,oBaXmb,Mexico
637,Rossoni,Eduard,erossoniho,TlIZ1fwhJoMC,Spain
638,Dodshon,Avictor,adodshonhp,0bVdyUI,South Korea
639,Need,Tamar,tneedhq,BidQR46,Peru
640,Jurges,Harmony,hjurgeshr,vXLLxwt6AtQ,Portugal
641,O'Cosgra,Lou,locosgrahs,WnUnuWfJ,Dominican Republic
642,Turmell,Valentin,vturmellht,LrEn428wZa4w,Indonesia
643,Coltan,Stillman,scoltanhu,I06L9BZcbOZ,Madagascar
644,Ingre,Sam,singrehv,P4BGCFeg,Zimbabwe
645,Ciardo,Leta,lciardohw,Gmi8ha,China
646,Morefield,Belle,bmorefieldhx,UwiYenSkLEiR,Brazil
647,Burdon,Dale,dburdonhy,oR8U8E1nhW,France
648,Scrogges,Roxy,rscroggeshz,f2vGFN,Brazil
649,Rummer,Margarita,mrummeri0,q6XW3NYu,Bolivia
650,Crosston,Giusto,gcrosstoni1,hDBJcL3ogk7d,Russia
651,Hort,Clerkclaude,chorti2,6OCHR5NBJ,Philippines
652,Brewerton,Sallyanne,sbrewertoni3,GkqNgLp,Japan
653,MacCoveney,Idaline,imaccoveneyi4,YJ65zAFg0J,Bosnia and Herzegovina
654,Bernardes,Vyky,vbernardesi5,Jitmqtqd,Ukraine
655,Lintott,Baldwin,blintotti6,99ZXYioDeI4L,Peru
656,Buffery,Tonie,tbufferyi7,rHj10b,Finland
657,Belloch,Kristoforo,kbellochi8,ZH21xxS0,China
658,Burnapp,Sylvester,sburnappi9,oM55AQhdC,Russia
659,Swynley,Evangelin,eswynleyia,WlGmaPb18xY,Canada
660,Hinckley,Sheffie,shinckleyib,QBy1I2CIqEqS,China
661,Worsall,Rusty,rworsallic,WqawPe,Indonesia
662,Duran,Loreen,lduranid,8Obh93,Indonesia
663,Gerretsen,Anabella,agerretsenie,xOHRZ5,Sweden
664,Stonham,Jemimah,jstonhamif,26fm0T6kw8,Poland
665,Cunniff,Jewell,jcunniffig,4ElotSNQbWX,Indonesia
666,Temple,Levi,ltempleih,BLveIpLt,Portugal
667,Swadlin,Tomi,tswadlinii,1gQwxO,Norway
668,McPhelimey,Devonne,dmcphelimeyij,CWPxoPwG,Azerbaijan
669,Mazin,Loy,lmazinik,IuYptRGh8,Philippines
670,Carnson,Nerissa,ncarnsonil,Z91tQ45A,Indonesia
671,Dobbson,Iormina,idobbsonim,SwDtgGrDJT,Bolivia
672,Flowitt,Norene,nflowittin,gugOsVgwW,Indonesia
673,Hardway,Mina,mhardwayio,WK0ZV0i,China
674,Klimuk,Darcie,dklimukip,2v0gxE9N65I2,Croatia
675,Greeveson,Jewelle,jgreevesoniq,WD6okU,Kyrgyzstan
676,Levane,Paddy,plevaneir,PQVKPJZM,Indonesia
677,Lysons,Arnold,alysonsis,yJw3JITeT,Russia
678,Whittington,Kippy,kwhittingtonit,mULzu9YHMEf,Honduras
679,Lidgely,Cherie,clidgelyiu,K0bxdOlhye,Philippines
680,Shefton,Petey,psheftoniv,hg039Tq,China
681,Bloxam,Murdock,mbloxamiw,m3snrQkD,United States
682,Epperson,Fidelio,feppersonix,ffnkNrCge,Russia
683,Brecknall,Bendix,bbrecknalliy,6gf21FPUK,Norway
684,De Matteis,Francene,fdematteisiz,78xnFS8h,Indonesia
685,Larcombe,Annalise,alarcombej0,MYaiqfCKmK,China
686,Breheny,Lesley,lbrehenyj1,2CC4Y9Ebn,China
687,Edwicke,Chic,cedwickej2,RWUb86tc5W,Indonesia
688,Dunckley,Carlin,cdunckleyj3,77GLL77Xy5ca,Philippines
689,Lenchenko,Josie,jlenchenkoj4,ALjNlO,China
690,Renvoys,Maurits,mrenvoysj5,3j6x2Ixhv8S,China
691,Wield,Eartha,ewieldj6,IuklffFS,China
692,Champneys,Basil,bchampneysj7,XuuoIpL,China
693,Rozalski,Kurtis,krozalskij8,aiyZhRX4,China
694,Picopp,Brittney,bpicoppj9,6asBsbCm,North Korea
695,Petch,Falito,fpetchja,b1dsJzal9A,France
696,Chattoe,Martie,mchattoejb,BGbCspq,Croatia
697,Eakly,Sauveur,seaklyjc,o0Eyufe,Zimbabwe
698,Callender,Esma,ecallenderjd,K3Fo8Cq,Argentina
699,Gerty,Kristoffer,kgertyje,FqyFCc69rel,China
700,Hoy,Heriberto,hhoyjf,I8Rg09HIb,Philippines
701,Sawkin,Abbie,asawkinjg,AJOtrIeqKZYj,Ireland
702,Faustian,Kanya,kfaustianjh,ousWLzmYL,United States
703,Stannis,Florri,fstannisji,tJ81JjF3I,France
704,Seefus,Alyson,aseefusjj,J6Dq8gu,Serbia
705,Lythgoe,Wesley,wlythgoejk,CKK26qVaRaJ2,Venezuela
706,Marshall,Ulla,umarshalljl,ZRWqt4q5inY,Indonesia
707,Bernardoni,Rakel,rbernardonijm,Hh0NxyiAUtMR,China
708,Lamplough,Warren,wlamploughjn,3ElOy5Dgdu,Czech Republic
709,Smoth,Tana,tsmothjo,cUHIJAw,China
710,Dupey,Alasteir,adupeyjp,uAK4Fc8o4lyb,Peru
711,Sulter,Ira,isulterjq,sRziwIARI,Indonesia
712,Docksey,Eleanora,edockseyjr,M9AWjqbyX,Argentina
713,Hutchins,Winslow,whutchinsjs,u4mYHO,Uganda
714,McCluney,Nev,nmccluneyjt,vuU43BQxg,Estonia
715,Larvent,Hillary,hlarventju,sFNSx9axdLx,Malaysia
716,Belly,Jasmina,jbellyjv,QhTsx7ClRL,Azerbaijan
717,Befroy,Frederik,fbefroyjw,eBmphLF4KJ4,Libya
718,Dytham,Rockie,rdythamjx,LunXxCmFaU,Bulgaria
719,Milksop,Hetti,hmilksopjy,DMWfRhHCPi1,Indonesia
720,Alflat,Jenine,jalflatjz,UOlLm4DIMX,Poland
721,Wollard,Jacintha,jwollardk0,zpbBSn,Indonesia
722,Fleury,Marris,mfleuryk1,X8U9RwO,China
723,Wixey,Chicky,cwixeyk2,fhkhCnlUKS,Nigeria
724,Ayrton,Kenny,kayrtonk3,YRlDmuwl,Poland
725,Housam,Vonny,vhousamk4,IbeySJac,Indonesia
726,Wheatley,Fidole,fwheatleyk5,sGQLpFlGCY,Russia
727,Halwood,Morie,mhalwoodk6,vEcfkbp,Brazil
728,Vasyunichev,Merrili,mvasyunichevk7,dzXPNu9YDy,China
729,Puttergill,Taite,tputtergillk8,FI2PzNhT4,Portugal
730,Masarrat,Marcel,mmasarratk9,5hxbfzJqy,Turkey
731,Danser,Jill,jdanserka,hfPOjp5N,Canada
732,Stithe,Frayda,fstithekb,DTvrbLJ,Czech Republic
733,Dossetter,Ofelia,odossetterkc,SrcrOG9Di,Indonesia
734,Keymar,Eduard,ekeymarkd,CHubrx,Indonesia
735,Alvis,Lisette,lalviske,W1BKXxc,Russia
736,Dankersley,Carlye,cdankersleykf,7wgLXp7Jq,Panama
737,Royl,Jaquenetta,jroylkg,Z0kmumEzk,Georgia
738,Mackstead,Meaghan,mmacksteadkh,StlGvf,Burkina Faso
739,Maddin,Constanta,cmaddinki,T1gYO9H,Philippines
740,McGirl,Clyve,cmcgirlkj,KnQLTqyL,China
741,Vellden,Julianna,jvelldenkk,7e9AdEId9R,Philippines
742,Brocklehurst,Jenda,jbrocklehurstkl,VzUBqR,Philippines
743,Fry,Annmarie,afrykm,p0o6LzF,Syria
744,Giorgietto,Tabbi,tgiorgiettokn,94JK7RrNk26,Russia
745,Labadini,Aluino,alabadiniko,SzV6wzCPF,Democratic Republic of the Congo
746,Feavearyear,Layla,lfeavearyearkp,Gpxqb4VsON5,Philippines
747,Crufts,Godiva,gcruftskq,ySkvlad5Pvzb,Pakistan
748,Wennam,Minor,mwennamkr,AQIOQr,Costa Rica
749,Vivers,Caz,cviversks,upTGKk,Indonesia
750,Hargroves,Charmain,chargroveskt,cwRspfZYi,South Sudan
751,McBoyle,Flossy,fmcboyleku,4r8SMSF,Ukraine
752,Burdin,Mandy,mburdinkv,0KHHlSLAry,Brazil
753,Verbrugghen,Piotr,pverbrugghenkw,s6uPe9T3w,Peru
754,Roke,Ernaline,erokekx,laATv7bKbGHQ,Brazil
755,Guerrero,Gabrielle,gguerreroky,lQEPSbQiQ,Poland
756,Housin,Joanie,jhousinkz,TCK1cxx,Belarus
757,Blakebrough,Chic,cblakebroughl0,67mVJGeJ,Russia
758,Chesshyre,Mollee,mchesshyrel1,FYhwckm8M,France
759,Cockrell,Antoine,acockrelll2,kwPe3nFwsPnn,Brazil
760,McNysche,Kennedy,kmcnyschel3,YDlgrN3VK,Oman
761,Schulkins,Sharlene,sschulkinsl4,7xnhGRmEQ,Vietnam
762,Baldocci,Hakeem,hbaldoccil5,WOQLvz,Poland
763,Millichap,Florence,fmillichapl6,tl97DvzX,China
764,Tott,Lola,ltottl7,7VqjJ8PRDH7,Colombia
765,Sloane,Irwin,isloanel8,6aNdEz,Argentina
766,Belloch,Jyoti,jbellochl9,D3dFCD,Indonesia
767,Anshell,Elfrieda,eanshellla,xi07zDEE,Indonesia
768,Lovemore,Meyer,mlovemorelb,t4BcXQJl6Q,Brazil
769,Mangeney,Zonnya,zmangeneylc,Tj6WTjZJ,Poland
770,Allitt,Carlen,callittld,WZi1C8s,Serbia
771,Visco,Hercule,hviscole,t4e5lJRc,Israel
772,Cutmere,Valle,vcutmerelf,Ai3w0ue1s0IA,Nepal
773,Bronger,Lion,lbrongerlg,1SK0xpr,Indonesia
774,Tarquinio,Cristy,ctarquiniolh,HuJL0W,Malaysia
775,Godber,Ulysses,ugodberli,OFYZkb2,China
776,Blonden,Glynnis,gblondenlj,l03BGHP,Ireland
777,Hatz,Marven,mhatzlk,B37tT6,Netherlands
778,Braybrook,Bliss,bbraybrookll,z7LL37fgrXve,Honduras
779,Fleis,Anitra,afleislm,qghnQe6,China
780,Chazelle,Rosamond,rchazelleln,aFHrSfmgoaf,Pakistan
781,Santo,Valeda,vsantolo,eiS8R5tK3DyC,Luxembourg
782,Sanham,Saxon,ssanhamlp,0uoBwhhmdyrT,France
783,Garlant,Marshall,mgarlantlq,YwMEMPaL,Honduras
784,Reely,Pietrek,preelylr,mJMF6xSgrV,Indonesia
785,Fairleigh,Emelina,efairleighls,jazc5psSQgE,China
786,Bremeyer,Vern,vbremeyerlt,NRZypziVoc9F,China
787,Threlkeld,Caria,cthrelkeldlu,AT2Fxw,Czech Republic
788,Stegel,Doralyn,dstegellv,DptxuEEhS,France
789,Franchi,Woody,wfranchilw,qghf9P,China
790,Burrass,Vallie,vburrasslx,n01tn2,Brazil
791,Stollman,Vladamir,vstollmanly,fg6L2bc,Indonesia
792,Frayne,Russ,rfraynelz,RD7M2OZ4NKRG,Kyrgyzstan
793,Copeman,Kimbra,kcopemanm0,XVoP591tH,United States
794,Rubrow,Junie,jrubrowm1,eH0PrC,Estonia
795,Urrey,Ferrel,furreym2,VwqnwfBqlkE,Argentina
796,MacAndreis,Natividad,nmacandreism3,0fAW4E,Azerbaijan
797,Yve,Bary,byvem4,3wgv4EI,Portugal
798,Pallis,Booth,bpallism5,nB4nvKEa,Portugal
799,Arguile,Karina,karguilem6,WSJszX,China
800,Presley,Fancy,fpresleym7,Hg4OxMSnY,Cuba
801,Hibling,Errol,ehiblingm8,6ugqQKfxHiRV,Albania
802,Blanchard,Harp,hblanchardm9,zjwf1pMKLnO7,Philippines
803,Smedley,Erena,esmedleyma,VeTi94lGysKq,France
804,Fidal,Cecilla,cfidalmb,TpxcWB7LTo,China
805,Wozencraft,Morna,mwozencraftmc,2FpHy5Z,Cuba
806,McLemon,Ronni,rmclemonmd,2WAZjr,Portugal
807,Olorenshaw,Dodie,dolorenshawme,vjmqX80ECnx,Bulgaria
808,Schenfisch,Kareem,kschenfischmf,KBt2fKj9kPQ,Portugal
809,Yacob,Wallis,wyacobmg,F9DwojQ,Nigeria
810,Petraitis,Courtney,cpetraitismh,7c7oFHNKdsoN,Russia
811,Hellmore,Whitney,whellmoremi,axafdffsXvhc,Argentina
812,Whatman,Lotta,lwhatmanmj,3KJ6GsCYTJS,Indonesia
813,Hourigan,Rhianon,rhouriganmk,hrr4b1Ufz4,Canada
814,Lembke,Minnaminnie,mlembkeml,i2Y2yI6fAVV,Norway
815,Iacomelli,Papageno,piacomellimm,1WQEmq2,Peru
816,Hathaway,Serene,shathawaymn,ldYpuq,Germany
817,Wraight,Allan,awraightmo,UX4wl1tm4T,Luxembourg
818,Seedman,Jackquelin,jseedmanmp,yx2VKXrBZ,Indonesia
819,MacCollom,Bennie,bmaccollommq,JYcusZ,China
820,Bodman,Mallory,mbodmanmr,HpzWGkWxSa07,China
821,Harse,Humfried,hharsems,l02Hms05,Thailand
822,Corriea,Ketti,kcorrieamt,UAQiPx,Guinea
823,Huffadine,Hollie,hhuffadinemu,qlF0zVdU,China
824,De Bruin,Aldus,adebruinmv,U4UJuTL,Nigeria
825,Upward,Shepard,supwardmw,ZAOCu0ElK69,Malaysia
826,Lune,Darcee,dlunemx,eT8pOlYS,Brazil
827,Boddington,Gracie,gboddingtonmy,jBq0QF1,Tanzania
828,Stritton,Gus,gstrittonmz,SFg3a532M,United States
829,Cadell,Lilian,lcadelln0,Bo9rbxAi,France
830,Kitchenside,Cecilla,ckitchensiden1,6lRYasCjK7,Indonesia
831,Lopes,Ruthe,rlopesn2,VqVbNMQ,Uzbekistan
832,Kingwell,Yancey,ykingwelln3,hpjnumIl4x,Croatia
833,Georger,Klement,kgeorgern4,6iqB62RYE,Malaysia
834,Dosdale,Penn,pdosdalen5,Ak7boB1r,China
835,Leathe,Roberto,rleathen6,6SutRiA,Syria
836,Trench,Charlot,ctrenchn7,6HuyiN49p9E,China
837,Poultney,Rebeca,rpoultneyn8,5MYWDHkjE22,Brazil
838,Jerzykiewicz,Corissa,cjerzykiewiczn9,UdPYBwrXwe,Portugal
839,Westcott,Alec,awestcottna,nYm63HM,China
840,Burghill,Mureil,mburghillnb,c6KAD23zj,Philippines
841,Trench,Eve,etrenchnc,YLss1wriyH,France
842,Eichmann,Jonathan,jeichmannnd,y8pUSO,China
843,Gottschalk,Misty,mgottschalkne,aefai4S,Indonesia
844,Wintour,Byron,bwintournf,XFuCvOCyKW,Philippines
845,Kenwood,Jeniffer,jkenwoodng,7LH4lqpR,Ukraine
846,Lauridsen,Patrizius,plauridsennh,FUkVZE7ns,Armenia
847,Durman,Brenden,bdurmanni,jUpiA8rn86N0,Poland
848,Rutty,Jaine,jruttynj,UXlU8Z,China
849,Turneux,Lyon,lturneuxnk,U9HVVh0wGbr,Bolivia
850,Buddell,Anna-maria,abuddellnl,751GHWtVN1,Japan
851,Mawson,Francesco,fmawsonnm,d7HouuQXtV7,Portugal
852,Pikesley,Domingo,dpikesleynn,eaA0Ip,Russia
853,Dumbrall,Laurent,ldumbrallno,0l8px4,China
854,Durning,Stavros,sdurningnp,ROMT3jeYEl,China
855,Akred,Anissa,aakrednq,lhnJ2tW9,Afghanistan
856,Crowcher,Oriana,ocrowchernr,sQ6BOyZ,Bulgaria
857,Deville,Novelia,ndevillens,t87IpgPOqC,Thailand
858,Eyden,Georgianna,geydennt,ISBc5qlm0kXq,Portugal
859,Moreman,Clemence,cmoremannu,m4AuICw,Thailand
860,Temple,Mehetabel,mtemplenv,woLUqj9Ct6,Japan
861,Recke,Geraldine,greckenw,xocilWfDP6u,Peru
862,Caston,Sol,scastonnx,PkBBjKwSaT,Serbia
863,Dahle,Gabriele,gdahleny,gsvYA7ffg,Tanzania
864,Benoit,Aileen,abenoitnz,9ySHNp,United States
865,Pooke,Teodora,tpookeo0,4P47n4,Russia
866,d'Escoffier,Carney,cdescoffiero1,1iQl5l,Indonesia
867,Werny,Damiano,dwernyo2,kdPy1YT8yVuy,Russia
868,Kirley,Bathsheba,bkirleyo3,ga05umg8FxV4,Ireland
869,Solloway,Madelina,msollowayo4,WqnJCYcYCsx,Indonesia
870,Brumble,Billye,bbrumbleo5,WloECLh,Kenya
871,Notton,Judith,jnottono6,W2R0FVdNW,Venezuela
872,Liccardi,Jyoti,jliccardio7,IceZYx,Canada
873,Heyball,Billi,bheyballo8,tru81JnSfY4A,China
874,Carville,Heddie,hcarvilleo9,uAXFihObeKn,Germany
875,Allaway,Candy,callawayoa,Gl01wvbp,Germany
876,Eastby,Mareah,meastbyob,5tPHak,Cameroon
877,Cullington,Annabella,acullingtonoc,uq7MneI,Russia
878,Beake,Heather,hbeakeod,DwTbxX,China
879,Glenwright,Bernarr,bglenwrightoe,PTWDHnf1,Canada
880,Ebbings,Garv,gebbingsof,fvRCxqqWC,China
881,Rubi,Armando,arubiog,g7bDUz,Czech Republic
882,Tubby,Jennee,jtubbyoh,x7xUBR,Sweden
883,Ryce,Ruprecht,rryceoi,CSIwger,Latvia
884,Lenaghen,Kassandra,klenaghenoj,YAPgiO9S8N8,Thailand
885,Coryndon,Giffie,gcoryndonok,oPdx6fHiw,Bolivia
886,Mash,Archambault,amashol,Zn0NYh02,Argentina
887,Baumford,Ines,ibaumfordom,Muu0GKG,China
888,Ripping,Ailey,arippingon,V2K9oW4d,Russia
889,Kerkham,Mayor,mkerkhamoo,NidXmzK,Indonesia
890,Bennedick,Uri,ubennedickop,K5RbWpI388,Russia
891,Axon,Daryl,daxonoq,A1SQtSuxcg,Brazil
892,Jerosch,Papageno,pjeroschor,V6x64prIaa,Finland
893,Maryon,Port,pmaryonos,8cBSHl,Japan
894,Gooda,Hulda,hgoodaot,ImEp3cPm0,Russia
895,Chasen,Nils,nchasenou,xd50qOjHi,United States
896,Reddle,Jeanelle,jreddleov,2q3YiM,Brazil
897,Mourant,Lorrin,lmourantow,3TpprkdtO,Ukraine
898,Agronski,Jackelyn,jagronskiox,n6ezFKS,China
899,Sage,Langsdon,lsageoy,jf8FoSW,China
900,Boother,Che,cbootheroz,lVb84w8,France
901,Sola,Esdras,esolap0,Ll5OuFk,Russia
902,Blondel,Lucias,lblondelp1,FYFp2l,Russia
903,Fairbank,Kathleen,kfairbankp2,VdG0V2rON8w,Malaysia
904,Lamond,Irma,ilamondp3,ofN8zJx,Norway
905,Vereker,Hannah,hverekerp4,jTeENdjxati,United States
906,Choak,Isabeau,ichoakp5,A46qioGp,Greece
907,Wotton,Angeli,awottonp6,th4V4mCVrv,Iran
908,Frankcom,Lacee,lfrankcomp7,EOmIFC,China
909,Elsmor,Mellie,melsmorp8,pLfvdh,China
910,Solan,Clementina,csolanp9,71FLxnh9,Czech Republic
911,Daelman,Deb,ddaelmanpa,fStwRF,Serbia
912,Monteith,Aleksandr,amonteithpb,Q2XzbpKnCk,Brazil
913,Budden,Madlen,mbuddenpc,dbUpDPRX4mn,Germany
914,Randlesome,Genni,grandlesomepd,bsodqVxR3w,China
915,Janaszkiewicz,Greg,gjanaszkiewiczpe,OB2oI3N,Indonesia
916,Epelett,Curran,cepelettpf,juvU7amwWj,Russia
917,Giorgielli,Aubine,agiorgiellipg,x9yrLGZJzYq,China
918,Foskew,Georas,gfoskewph,7cn1YDgGZ,Poland
919,Trahear,Laurel,ltrahearpi,9cbJhSBki2gi,Philippines
920,Lakey,Kelci,klakeypj,lo71e3wqcxsZ,New Zealand
921,Aughton,Lief,laughtonpk,FrxKpX7QTCr,China
922,Weekly,Sonnnie,sweeklypl,FRQIKfHd7oTs,Ukraine
923,Gilleson,Bard,bgillesonpm,VoAX9m,Jordan
924,Pethybridge,La verne,lpethybridgepn,B7NqhG,El Salvador
925,Paladino,Benni,bpaladinopo,RJ5cjSGaNo3Z,Marshall Islands
926,Chaundy,Damara,dchaundypp,4eWcL7Ea0,Pakistan
927,Nodin,Dosi,dnodinpq,tzWyYC,Brazil
928,Klima,Sisile,sklimapr,lUAIbS9fAiu,China
929,Wisniowski,Wilma,wwisniowskips,ume3u51WsM5m,Yemen
930,Brookson,Sharai,sbrooksonpt,KrRNjmRq,Sweden
931,De Santos,Niki,ndesantospu,hjEFjsvxrqhE,Thailand
932,Blaby,Henryetta,hblabypv,DcwaxzoA,Zambia
933,Goldin,Che,cgoldinpw,81MfwkoGyau,France
934,Kinnoch,Kinny,kkinnochpx,FbWcWfJ,Philippines
935,Peasey,Herminia,hpeaseypy,rpznfRE0z,Greece
936,Dougal,Pinchas,pdougalpz,uqxN76s,Vietnam
937,Emptage,Nerty,nemptageq0,TWJApdzy,Russia
938,Roundtree,Darby,droundtreeq1,I7vL9m,Venezuela
939,Tavner,Dario,dtavnerq2,UZ46pk,Sweden
940,Kimblin,Jaime,jkimblinq3,jORt0XB,Madagascar
941,Traylen,Lu,ltraylenq4,FQyDcp,Poland
942,Fawthorpe,Moll,mfawthorpeq5,6x46V3XzaBGD,Nigeria
943,Martugin,Hewitt,hmartuginq6,QjMUIqbI4rp,China
944,Carde,Wallie,wcardeq7,JXVSjNSas,Indonesia
945,Harbison,Vinny,vharbisonq8,pnxOgfKced,Finland
946,Penas,Ruttger,rpenasq9,uiHKdoSTk,Philippines
947,Hutson,Konstanze,khutsonqa,bXWzKmgFy2,Guyana
948,McNeilly,Betsy,bmcneillyqb,3pCOBCXBwgOT,United States
949,Chatters,Page,pchattersqc,xkK7s4,Dominican Republic
950,Andresen,Federico,fandresenqd,6DSWbQi4RgTE,Bangladesh
951,Terzi,Jori,jterziqe,WwnikviN,China
952,Kleinstern,Ailbert,akleinsternqf,gQIBXg2LQ,Indonesia
953,Higbin,Louise,lhigbinqg,qYSGxcT17G3,Iceland
954,Dagnan,Boote,bdagnanqh,wJ5QwQe,Ukraine
955,Newsham,Jane,jnewshamqi,qetB0fXsYI2p,Philippines
956,Philippson,Rosie,rphilippsonqj,tIQ0spIGGeS,China
957,Pickle,Ugo,upickleqk,LCzP21,Colombia
958,Kornes,Allegra,akornesql,OtMH0E3lay,Russia
959,Fritschmann,Meridith,mfritschmannqm,doLLtWVKl,Madagascar
960,Fewings,Skipton,sfewingsqn,qwdrTNHP,Czech Republic
961,Ksandra,Eolande,eksandraqo,kRXBdR,Japan
962,Hudspeth,Nikki,nhudspethqp,jG6WiJGS,Portugal
963,Figgess,Rhett,rfiggessqq,YmtJsW3,Brazil
964,Sultana,Ryon,rsultanaqr,irlYbY,Malaysia
965,Lambirth,Halsy,hlambirthqs,kudidM2,Armenia
966,Caulcutt,Kalinda,kcaulcuttqt,Vl45IRkoR8T,Colombia
967,Bowker,Tirrell,tbowkerqu,GFx3cxHW,Philippines
968,Comolli,Alfonse,acomolliqv,f7tEJdt3D,China
969,Dainty,Alexa,adaintyqw,05aHS3n,Indonesia
970,Currey,Glenda,gcurreyqx,T5Rbi49,Colombia
971,Georgiev,Olivero,ogeorgievqy,UWI6As,Afghanistan
972,Nuton,Will,wnutonqz,5m5MSArKqZ,Canada
973,Simoens,Magdalena,msimoensr0,hM9GGNyLA2vi,Comoros
974,Prettjohn,Ashla,aprettjohnr1,E4q0v4,Portugal
975,Twell,Sly,stwellr2,dob6CGW,Latvia
976,Duke,Morly,mduker3,Fh0eVYA,Sweden
977,Ham,Jerrome,jhamr4,ZDRt4bKr,Greece
978,Lauritzen,Torie,tlauritzenr5,dBqqZwQU,Sweden
979,Castelin,Roseanna,rcastelinr6,b9KlN8Oyy,Indonesia
980,Kibby,Friedrick,fkibbyr7,K5KCBkG94y,Russia
981,Housiaux,Kinsley,khousiauxr8,kJzym6n2QlL,China
982,Peiro,Aime,apeiror9,Gb4bsTyXm53f,Canada
983,Battershall,Yelena,ybattershallra,Xc7cxBKImity,Peru
984,Renbold,Loreen,lrenboldrb,LXTGMc,France
985,Garfirth,Bernice,bgarfirthrc,Bu3gfwTE7,China
986,Steckings,Judd,jsteckingsrd,QFjbSYeou,Indonesia
987,Eate,Julia,jeatere,wGu55O7KOrUJ,China
988,Horley,Lira,lhorleyrf,UufHoPy4ZXgt,Portugal
989,Langran,Herrick,hlangranrg,t5gFzs,Mauritius
990,Pierrepont,Dael,dpierrepontrh,KUpbuDCM,Malawi
991,Mathan,Modestia,mmathanri,kqP5Det,Indonesia
992,Bonick,Tildy,tbonickrj,GjMjT2VdG4,China
993,Kenworthey,Gilberta,gkenwortheyrk,fsZTTt5s,China
994,Lanfer,Ram,rlanferrl,5cZCIDZCN7Y,Japan
995,Peschke,Even,epeschkerm,oahYQ0J,Czech Republic
996,Bottby,Joleen,jbottbyrn,cUqxVYXdakH,China
997,McCart,Brandtr,bmccartro,MnngUl3tCBb,China
998,Decayette,Gabbey,gdecayetterp,ObyzsJouFp,Poland
999,Angless,Jessey,janglessrq,CPUdOsVRv,Panama
1000,Crossman,Ingeborg,icrossmanrr,k0NazT,Poland